"lat","lon"
-75,-170.835995
-74.776,-48.564343
-61.904,-57.14645
-60,-55.14815
-54.8134,-68.2944
-53.772,-67.683
-53.17,-70.9083333333333
-49.3224,-67.7192
-46.5833333333333,168.333333333333
-46.5,164.8
-46.3666666666667,169.783333333333
-46.34639,170.224676
-46.316584,178.886712
-45.8166666666667,170.65
-45.5666666666667,-73.6
-45.4552,-74.6231
-45.336702,144.462887
-45.2333333333333,166.85
-45,167
-44.34,177.4
-44,146
-44,150
-43.967911,-176.319733
-43.8833333333333,168.9
-43.85,-176.45
-43.75,-62.8
-43.5833333333333,172.716666666667
-43,148
-42.761,-65.0197
-42.7584,-65.0314
-42.712699,170.96194
-42.425785,173.672057
-42.4,173.7
-42,144
-41.5456,-72.9113
-41.4733333333333,-72.94
-41.38721,174.626555
-41.313783,174.624757
-41.312182,174.323793
-41.2666666666667,173.233333333333
-41.0833333333333,174.85
-40.7757,-64.9755
-40.7,169.6
-40.49,152.09
-40.0833333333333,148.118055555556
-40.044438,-179.150394
-40,149
-39.875,-73.4
-39.58,178.77
-39.4666666666667,176.883333333333
-39.344608,177.236921
-39.0522222222222,-75.0186111111111
-39.05,-61.8
-39.004456,174.035392
-39,142
-38.133567,-56.805339
-38,172
-37.16,125
-37.0180555555556,178.116666666667
-37,138
-37,150
-36.7077,-73.0692
-36.7,175
-36.296066,174.808136
-36.25,174.233333333333
-36.1666666666667,175.333333333333
-36.1,174.633333333333
-36.08,113.41
-35.9,175.083333333333
-35.604,-56.466452
-35.36,-82.22
-35.2,18.1
-35.2,138.19
-35.0333333333333,20.8666666666667
-35,151
-35,152
-34.8,19.9
-34.7961111111111,20.0719444444444
-34.7,-57.08
-34.7,21
-34.6,20.3
-34.5,19.3
-34.452,18.035
-34.4,18.8
-34.4,20.8
-34.4,21.8
-34.3,18.7
-34.299859,17.839052
-34.1333333333333,172.133333333333
-34.1025,18.9758333333333
-34.1,18.6
-34.09,25.39
-34.07,22.5
-34.0377777777778,23.9272222222222
-34.02,23.8222222222222
-34.017225,25.497178
-33.918827,17
-33.7,26.5
-33.659423,-78.935932
-33.6,-53.06
-33.5916666666667,-71.6166666666667
-33.583333,-71.616667
-33.5,17.621864
-33.5,17.731727
-33.431,-36
-33.39,172.05
-33.377528,-52.943417
-33.3,27.4
-33,163
-32.91,151.79
-32.546191,28.564466
-32.5,115.17
-32.2,163.79
-32.05,-91.0333333333333
-32,115
-31.546103,159.083156
-31.545811,159.082812
-31.3,-176.24
-31,15
-31,43
-30.827,-49.439139
-30.149424,30.997112
-30.02,153.36
-30,16.31449
-30,16.523231
-29.9666666666667,-71.5
-29.943517,-71.32444
-29.939211,159.062671
-29.91934,153.392455
-29.86,31.0433333333333
-29.85868,31.02184
-29.469456,159.119101
-29.1359,31.8612
-29.039921,167.945666
-29.03932,167.943606
-29,16.101197
-28.80138,32.045279
-28.7,113.61
-28.611534,-48.871218
-28,15.018104
-27.839076,49.892575
-27.59,153.6
-27.5,14.809363
-27.201605,-48.491153
-26.893,-48.078328
-26.838163,32.88738
-26.411,153.1487
-26.346308,-70.631411
-26.016838,32.953338
-25.953005,32.62303
-25.899,-48.176975
-25.592483,-48.347013
-25.58,153.28
-25.32,46.17
-25.209939,33.884123
-24.5,170.1
-24.4265,113.1956
-24.1,170
-24.026,-44.881442
-23.9,167.5
-23.862792,35.38148
-23.852385,35.546061
-23.655027,43.641767
-23.6333333333333,-70.6
-23.630241,-70.42636
-23.6,168.5
-23.5,168
-23.441783,151.914621
-23.351619,43.685494
-23.279422,151.83499
-23.120186,150.922916
-23.044,152.98
-23,-42
-22.921416,35.601068
-22.69,167.3
-22.265685,-41.608415
-22.167813,40.365264
-22.15,39.4
-22,174
-21.7,114.5
-21.58,152.65
-21.571,-174.1436
-21.4059,43.6142
-21.241247,-175.025692
-21.23,-159.78
-21,56
-21,167
-20.8971,149.0813
-20.79,149.04
-20.737358,43.995694
-20.699116,54.897288
-20.69,116.5
-20.6,57.8
-20.51854,-29.334836
-20.5,57.7
-20.468189,111.943356
-20.468,-70.0180555555555
-20.406609,57.712051
-20.3814166666667,-40.2589777777778
-20.3333333333333,-40.2333333333333
-20.329831,-40.013493
-20.320064,163.746228
-20.29703,-40.28698
-20.290536,44.27074
-20.237411,148.925811
-20.2166666666667,-70.2
-20.193652,57.44717
-20.1,148.5
-20.0855555555556,-70.0188888888889
-20,165.3
-19.8,119.73
-19.7739,119.0553
-19.7338,163.2644
-19.27,-39.324875
-19.0822,146.7426
-18.78,146.6
-18.710198,146.550978
-18.7,146.6
-18.6,121.53
-18.1,147.6
-18.0355555555556,147.116666666667
-18,179
-17.67,-149.22
-17.59865,118.83329
-17.53412,-149.830682
-17.530509,-149.82914
-17.53,-149.83
-17.5197,-149.7481
-17.5012,49.66225
-17.5,-149.978141
-17.4846,-149.8646
-17.3701,119.1637
-17.3682,119.1789
-17.364987,119.333247
-17.3,178.9
-17.2,11.7
-17.1636,177.9207
-17.1516666666667,122.034166666667
-17.113171,50.133192
-17.0841666666667,-149.134166666667
-17.0841666666667,149.134166666667
-17.052819,178.914892
-17.03,-2.24
-16.936367,42.833112
-16.8227,140.7536
-16.8,122.4
-16.7766,145.9205
-16.2962,139.2712
-16.1371,145.5669
-16.088,-5.565104
-16,-5
-15.81,11.82
-15.67,176.97
-15.6,124.2
-15.4743,136.9343
-15.323,141.3204
-14.777422,145.347378
-14.74,122.42
-14.712794,145.483486
-14.666513,145.462654
-14.6643,145.4474
-14.659536,145.465486
-14.65,145.410793
-14.555969,40.667823
-14.478984,145.508362
-14.3,125.5
-14.23,-76.4
-14.05,-170
-14.0268,121.9596
-13.999042,121.833548
-13.9864,121.775
-13.9478,136.2193
-13.84,144.92
-13.608078,-38.861227
-13.5,123
-13.37118,-38.87249
-13.119451,45.656996
-13,-38.4833333333333
-12.978106,-38.595195
-12.974445,40.499531
-12.969427,40.488202
-12.9650527777778,-38.296325
-12.64,-37.23107
-12.499035,177.071623
-12.444792,44.926579
-12.416251,43.765684
-12.212411,46.54919
-12.181,122.968
-12.164,130.6386
-12.153546,96.862304
-12.1489,96.8648
-12.142004,96.89085
-12.1363,96.7984
-12.1,96.769297
-12.1,96.9
-12.078651,43.171645
-12.0169444444444,96.15
-12,96.83
-11,-77.9
-11,46
-10.8396,141.9656
-10.5641,105.7085
-10.4954,105.6947
-10.480546,105.646813
-10.460628,105.613512
-10.452862,105.629646
-10.4139,105.6128
-10.255964,40.162882
-10.0688888888889,105.100833333333
-9.86,-138.82
-9.8451,-138.9919
-9.8,-138.9
-9.7945,-138.7697
-9.5,160.8
-9.45,-139.05401
-9.406,-33.756674
-9.22,39.65
-9.1568,-171.7664
-9.03,115.1
-9.02,149.15
-8.9,114.2
-8.561369,119.441041
-8.333868,115.64842
-8.277,-34.367456
-8.135,-140.0175
-8,-14
-7.9813,115.3964
-7.929,-14.197362
-7.3299,72.3836
-7.3262,72.5026
-7.316492,133.942151
-7.298257,72.423411
-7.05027777777778,72.0669444444444
-7.05,-34.4
-6.88774,-34.86246
-6.792354,39.208328
-6.749797,39.300974
-6.621,-34.752947
-6.46,39.01
-6.43,-80.9
-6.160199,39.185947
-6,39.7
-5.771085,-35.199566
-5.73480277777778,-35.0677611111111
-5.325649,-35.248962
-5.26666666666667,-35.3666666666667
-5.16,39.16
-5,56
-4.71,55.55
-4.7,55.30939
-4.7,55.64
-4.682669,55.480396
-4.68,55.291537
-4.68,55.48
-4.659087,55.423616
-4.647163,39.380413
-4.5421,55.4296
-4.5251,55.4356
-4.5029,55.5814
-4.335953,55.297839
-4.314078,55.495027
-4.10027777777778,55.0680555555556
-4.067377,39.702996
-4.05,114.666666666667
-4,40
-3.85,-33.8166666666667
-3.83333333333333,-32.4
-3.7,-38.5
-3.62298611111111,-38.3219805555556
-3.6,-38.4
-3.306071,40.516287
-3.15889,-39.123397
-2.83758,-41.68686
-2.8,-171.550505
-2.796932,-171.64286
-2.7947,-171.6292
-2.51,-80.7
-2.175,-42.480425
-2.107936,-43.489737
-2.04,40.95
-2,-156.083333333333
-1.746577,41.49137
-1.65,-91.9833333333333
-1.1,-84.95
-1.05,134.7
-1.04,-81.09
-1.0166,135.227
-0.82902,-46.60465
-0.745961,-4.787142
-0.71,-46.53
-0.700011,-90.65554333
-0.597565,131.055583
-0.525015,-89.9
-0.3796,131.024
-0.352,-47.682662
-0.023003,-48.501911
0.02,-51
0.133333333333333,-47.5333333333333
0.324,6.860847
0.4113,129.651
0.479,-176.5281
0.56,6.5
0.833333333333333,-90.8166666666667
1,-29
1.06833333333333,173.000833333333
1.071,129.574
1.135,-157.066666666667
1.142502,-31.655275
1.26843,154.915
1.35,104.5
1.423907,125.160842
1.477665,124.8171
1.56916666666667,110.375833333333
1.7632,-157.4777
1.799681,-157.365829
1.82,-157.096621
1.8735,-157.2652
1.92972222222222,104.113333333333
1.933,103.118888888889
2.14944444444444,111.519166666667
2.158992,-50.631086
2.21666666666667,-42.65
2.2346,152.893
2.285,-49.963305
2.37,118.2
2.48833333333333,103.623055555556
2.89694444444444,112.095555555556
2.929505,112.06176
3.19472222222222,113.089722222222
3.32364,101.236816
3.33222222222222,101.251388888889
3.33333333333333,-50.6833333333333
3.79861111111111,103.323333333333
4.23,100.52
4.24361111111111,117.884444444444
4.33333333333333,73.15
4.47888888888889,118.617777777778
4.5,168.5
4.52861111111111,100.633888888889
4.877991,-3.982036
4.9536,114.485
5.08361111111111,87.0019444444444
5.13555555555556,-162.002222222222
5.242868,119.96642
5.32555555555556,103.131388888889
5.4,119.9
5.41666666666667,109.566666666667
5.46027777777778,100.206944444444
5.52861111111111,95.4016666666667
5.566,170.032
5.56666666666667,80.3
5.580067,113.986838
5.6,0
5.68,100.371666666667
5.7,81.2333333333333
5.8,1.188582
5.83888888888889,118.121111111111
5.85,-162.05
5.87,-162.08
5.89,102.473333333333
5.9023,-162.0788
5.98277777777778,116.071666666667
6.019033,116.093812
6.035,94.6193
6.28333333333333,82.3833333333333
6.40027777777778,100.130833333333
6.74,125.6
6.85,126.35
6.878104,116.836371
6.87944444444444,116.845833333333
6.9247,158.346
6.925259,122.047269
6.95,79.3
7.00166666666667,-171.035
7.006456,158.199483
7.01,-78.19
7.05,134.26
7.0513,134.26
7.05138888888889,134.068333333333
7.13333333333333,82.4833333333333
7.15,134.3
7.15,134.35
7.16,134.37
7.21,125.75
7.300311,134.472996
7.31,134.49
7.4294,134.6824
7.443686,99.253009
7.5,134.49
7.55,-81
7.56,-81.3
7.64,122.57
7.69,-82.636009
8.05,98.2
8.1,73
8.33333333333333,79.2
8.4,-79.729431
8.49,78.08
8.55,124.6
8.7,123.5
8.87472222222222,76.5883333333333
8.96666666666667,81.85
8.98333333333333,-79.5166666666667
9.08527777777778,-78.1338888888889
9.211,-81.116107
9.2597,167.6182
9.2775,79.1241666666667
9.42,126.15
9.56,123.8
9.58,76.16
9.58,76.17
9.59959,118.344876
9.7,-14.2
9.8,-84.8
9.867671,123.348031
9.93,118.87
10,-80
10.0402777777778,105.783333333333
10.0573,-61.708
10.1,118.5
10.3,-109.249751
10.34,72.37
10.347451,124.005367
10.4421,-64.2232
10.4505,-61.5281
10.5,72.12
10.7839,-61.4636
10.8283,-61.4356
10.9356,-63.8565
11.0166666666667,72.5166666666667
11.040647,-63.921145
11.06,125.79
11.22,123.7
11.4,92.46
11.41,92.43
11.56,79.53
11.61,120.04
11.658082,43.181065
11.695,80.0352777777778
11.75,43.21
11.843384,43.318396
11.92,102.25
11.927044,79.853967
11.96087,43.292736
12,-61
12.240673,109.214914
12.254082,-70.696404
12.297,-61.775228
12.3222,118.2987
12.54,101.37
12.72,-16.9
12.852,-70.057
12.9,100.09
13.239967,144.652838
13.24,-66.1516666666667
13.27,100.84
13.360093,144.771698
13.4,144.9
13.423933,144.789269
13.476482,144.7136
13.5083,144.5962
13.54346,144.807945
13.5437,144.6989
13.59,124.4
13.658826,120.882568
13.700853,120.876967
13.82,-91.63
13.85,121.6
13.861,121.118055555556
14.05,123.44
14.12,145.26
14.553582,-92.739448
14.71,122.13
14.79,119.97
14.8,-17.6
14.8,42.864672
15.1608,145.8097
15.209056,145.742519
15.532567,119.939888
15.73,-95.27
15.987714,-95.04588
16,-22
16.1,-88.8
16.1180555555556,-169.083611111111
16.183643,120.018662
16.189099,-23.840952
16.36,119.87
16.363403,119.847298
16.59,73.18
16.73,-169.53
16.730722,-169.53371
16.75,41.49
16.801109,-87.783634
17,-64
17,145
17,146
17.0841666666667,-102.016666666667
17.084344,-61.815682
17.101271,-88.016452
17.225,-88.1166666666667
17.314786,-87.555234
17.42,83.15
17.42,83.2
17.45873,-87.827336
17.6,108.96
17.67,120.3
17.7,-65.021281
17.7231,-64.9064
17.725,-64.97
17.7392,-64.591807
17.743845,-64.580931
17.751731,-64.903122
17.764,-64.837104
17.778058,-64.828443
17.791,-87.762276
18,170
18.01491,-103.061221
18.0513888888889,-64.1508333333333
18.062312,-86.323244
18.189632,-64.958086
18.196788,-67.317098
18.2,-75.998842
18.256097,109.453976
18.269149,-64.968369
18.285333,-65.560956
18.3004,-65.5919
18.3004,-64.9602
18.306786,-67.258937
18.3161,-67.3991
18.318,-64.99
18.3259722222222,-87.8156111111111
18.4,121.6
18.590754,-87.357135
18.629368,-112.940962
18.79,122.3
19,155
19.036866,108.548664
19.0686111111111,155.150555555556
19.08,-156.27
19.085,-155.083333333333
19.0992222222222,-95.9416944444445
19.1169444444444,-156.001388888889
19.1995833333333,-96.0694444444444
19.200372,110.623075
19.283722,-155.45665
19.2933,110.1833
19.303,-75
19.331808,-81.239727
19.53495,-92.177222
19.5803,-156.0226
19.694094,-80.036071
19.71,-155.45
19.727769,-79.802144
19.93,-156.296867
20,142
20,154
20.062852,110.225471
20.07,-154.95
20.081555,110.215835
20.124059,110.454234
20.13003,40.259428
20.1333333333333,-156.050833333333
20.1341666666667,-156.150833333333
20.18,39.916108
20.3,-155.110722
20.4406944444444,-87.0022777777778
20.4765,59.4271
20.499781,-73.987238
20.5068,-156.45
20.53,70.26
20.54,70.22
20.561465,-156.603969
20.593566,59.112462
20.703534,116.724549
20.723,-157.0447
20.7833333333333,108.716666666667
20.800952,-156.087773
20.82,-157.142693
20.86,111.03
20.9,-156.2
20.944844,110.359368
21,118
21.0175,-157.000833333333
21.02,37.13
21.0270277777778,-97.1991388888889
21.0276,-157.505
21.05,109.166666666667
21.0502777777778,-157.119166666667
21.0505555555556,-105.034722222222
21.0683333333333,-157.152222222222
21.0833333333333,111.083333333333
21.13,-157.47715
21.131,-158.113
21.162501,-157.023202
21.269187,110.415281
21.3,-156.498
21.3127,-157.0227
21.425024,109.082557
21.427405,109.067396
21.4720555555556,-86.7888611111111
21.4887222222222,-97.2270833333333
21.49,39.11
21.4925,-158.3121
21.513626,111.042936
21.516011,-71.519643
21.528536,109.021783
21.53355,108.044971
21.539395,109.020758
21.550443,-87.287959
21.566096,-158.110806
21.6166666666667,113.616666666667
21.651703,-83.102581
21.660433,108.339258
21.74,-157.9
21.76,-156.84
21.8,113.6
21.87,-160.341981
21.8872,-159.681
21.89,115.96
21.895325,-160.162123
21.911116,-82.951863
21.954691,120.755507
21.977952,113.330092
21.995373,120.703934
22,-158
22.0022222222222,-159.083333333333
22.06,114.3
22.073644,120.692291
22.080148,-159.527252
22.19,38.900958
22.2,120.2
22.284529,113.611623
22.292288,39.078065
22.33,38.85
22.342656,120.371779
22.39,114.41
22.4,119.9
22.447,120.1
22.456759,120.433426
22.472,-159.712
22.487684,113.978285
22.571694,120.028764
22.663588,113.724941
22.666293,121.489522
22.702843,114.626876
22.764705,-83.81429
22.8,121.5
22.8666666666667,117.083333333333
23,121.5
23,143
23,164
23.0016666666667,-161.150555555556
23.0502777777778,-106.0675
23.055571,-107.275269
23.0563,-161.9168
23.060978,-161.921577
23.07,119.9
23.1,-106.6
23.1177777777778,-166.017777777778
23.125171,121.397756
23.2,-106.4
23.221129,-75.086857
23.2666666666667,116.85
23.31139,116.796332
23.319399,116.786672
23.4,-162.5
23.4,117.3
23.488919,121.513813
23.5,-112
23.5029,-170.2849
23.554,119.083333333333
23.5685,-164.7032
23.57,-164.69
23.575345,-164.70026
23.5766,-164.6977
23.655,120.033333333333
23.7384,-166.1398
23.75,-166.178168
23.764021,120.122151
23.770821,-76.098563
23.86,-166.2
23.9,-166.3
23.984284,121.6383
24.030697,38.081813
24.046,-74.625414
24.0833333333333,168
24.1525,-167.1525
24.1701,-165.8272
24.1833333333333,118.416666666667
24.187,120.1
24.1932,-167.9009
24.2,-110.4
24.3,118.5
24.348439,123.652159
24.36386,124.285379
24.4,124.3
24.4,124.6
24.411672,118.111265
24.423486,124.172027
24.4256,-167.2286
24.439131,118.162752
24.464134,118.061813
24.465384,118.06044
24.479806,118.066633
24.5,-112
24.514481,34.958865
24.560852,-112.012381
24.607482,54.249496
24.628389,-81.94968
24.7,-166.9
24.7283,-168.4302
24.728444,125.491978
24.7556,-81.1231
24.766114,-80.982893
24.7833,118.44
24.8,122
24.8,125.5
24.81293,121.899067
24.9,-167.9
24.9,-148
24.998991,-167.998729
25,145
25,171
25.025705,121.99622
25.0333333333333,121.05
25.037202,-80.725444
25.066,121.133333333333
25.0669444444444,-170.085833333333
25.076431,-77.650077
25.086,-81.841437
25.1175,-79.0347222222222
25.1183333333333,-171.1175
25.165,121.033333333333
25.205,-76
25.22693,121.678158
25.3166666666667,119.75
25.33438,-172.066624
25.349,-80.259
25.387,-172.1727
25.4,-168
25.41,-170.58
25.5,122.5
25.59,-79.315
25.625414,56.410141
25.6785,-169.4718
25.739,-79.0347222222222
25.76,-171.7
25.8858,-173.3359
25.893152,55.830936
25.9,119.8
25.9166666666667,-81.6333333333333
26,123
26,127.6
26,173
26.0016666666667,-173.151666666667
26.0188888888889,-97.0011111111111
26.06671,-173.966682
26.0833333333333,-80
26.164,120
26.185208,120.323319
26.3,-97.27
26.34,128.225279
26.37,122.47
26.380727,50.797832
26.439722,128.068735
26.5,124.4
26.538935,-170.792546
26.539661,128.018679
26.549,121.5
26.6,34.02
26.636358,119.58223
26.646333,127.864911
26.651394,119.573647
26.652008,119.569183
26.657566,127.860392
26.705859,128.161069
26.726098,-97.43534
26.8275,-119.642222222222
26.89,121.19
26.902202,128.033732
26.987588,-114.397554
27,-91
27.0253,-176.86
27.05,128.43
27.07,-15.28
27.079167,142.21702
27.099024,-78.078476
27.1,120.066666666667
27.1333333333333,-175.134722222222
27.1983333333333,56.2675
27.25,-97.4
27.344437,-82.567594
27.4,34.179298
27.44979,-76.391603
27.563168,34.379549
27.691957,-80.351466
27.7,-111.89
27.7,-97.2
27.7,-80.4
27.7,121
27.739577,-82.59122
27.799609,-97.330457
27.8,-175.8
27.84,-175.80274
27.859901,-175.841783
27.863113,-114.47302
27.90433,120.916468
27.9183333333333,-110.898888888889
27.936053,-110.517565
28,-96.9
28,121
28,174
28.0166666666667,121.033333333333
28.0333333333333,-177.051388888889
28.05,121.068055555556
28.0669444444444,-178.050833333333
28.1,-15.4
28.17,122.2
28.1884,-177.4215
28.22,-177.507787
28.26,33.551447
28.27,-96.7
28.282984,129.354486
28.3,-15
28.304,-75
28.39,-178.336444
28.4,-96.35
28.4176,-178.2825
28.458269,-16.245823
28.69,-95.8
28.69,124.5
28.8227777777778,-111.940833333333
28.827367,-95.528208
28.863912,50.69786
28.9792,-15.0897
29,-115
29.05,122.018055555556
29.103332,34.802618
29.122413,48.628079
29.135342,-83.042618
29.223751,129.324493
29.229,-84
29.322968,-112.505276
29.380941,-83.199384
29.41,-81.15
29.44,34.92
29.487855,122.258372
29.5,-84.7
29.508262,34.972604
29.52,34.963512
29.67132,-83.392316
29.7,125.2
29.718192,-84.9814
29.719077,-84.968155
29.8,-93.8
29.8,122.4
29.8,123.11
29.854438,-114.332984
29.9,-88.535012
29.9041666666667,-112.683055555556
29.905243,129.540414
29.913284,-93.845511
29.965584,122.208477
29.967071,122.199894
29.969423,129.924462
29.99608,122.089691
30,122.05
30,135
30,142
30,175
30.092861,-85.776139
30.1,122.4
30.112125,121.632327
30.1333333333333,122.5
30.150349,-86.485161
30.155,-85.857669
30.30666,-89.311634
30.352696,130.512734
30.4,122.35
30.40297,-81.395411
30.403458,-81.38047
30.426693,-86.583054
30.4416666666667,-116.430833333333
30.486733,122.817216
30.5,124.083333333333
30.5,125
30.53,122.5
30.5729,-116.0522
30.6,126.9
30.630747,130.977755
31,-116
31,122.5
31.001457,-81.3979225
31.0275,-114.835277777778
31.03,-81.26
31.077399,121.910481
31.3,130.6
31.3166666666667,-113.536944444444
31.3833,130.6609
31.3924,131.1111
31.440283,130.635393
31.483661,-114.627975
31.5,-80.844436
31.508755,122.056126
31.528861,131.386604
31.6,-80.7
31.6,131.6
31.6427,130.2557
31.6629,130.7021
31.6866666666667,-114.499722222222
31.712163,129.724681
31.731742,129.986771
31.8321,-116.642
32,-80.57
32.0183333333333,147.000555555556
32.0936,-75.9942
32.202653,121.545484
32.22256,34.432112
32.245265,120.983534
32.3,-79.7
32.3333333333333,123.466666666667
32.361,-64.1188888888889
32.43,-79.05
32.436,125
32.478625,131.672478
32.529308,-117.132024
32.6,128.7
32.6,128.86
32.6,130.06
32.639,-117.666497
32.668495,-117.142071
32.7,129.5
32.704289,125.695634
32.710688,128.757272
32.727,-117.2771
32.741236,-117.496875
32.74804,-117.305393
32.762,-117.018333333333
32.76209,-79.886029
32.769,129.732755
32.780676,-117.246316
32.7833333333333,-16.7333333333333
32.806242,-16.792258
32.88,-9.930182
32.887852,129.43681
32.9,129.3
32.90658,130.716779
33,-78.7278
33,-18
33,126.4
33,140
33.007198,-117.287726
33.030019,130.313659
33.0833333333333,-79
33.1,134.2
33.13,133.99
33.141301,-117.343668
33.1666666666667,124.666666666667
33.2,134.1
33.208387,-117.397507
33.24,-79.08
33.3,-78.7
33.3,125.5
33.358191,133.371119
33.4,11.2166666666667
33.45,-117.6833
33.5,123.5
33.5,131.9
33.51,35.22
33.52,-78.36
33.586712,-16.66211
33.6041666666667,26.9033333333333
33.624171,130.357348
33.652868,134.45542
33.7338,-118.3893
33.750534,-14.417139
33.795724,129.712759
33.8333333333333,26.3
33.85,131.15
33.854146,-118.604253
33.9666666666667,122.433333333333
34,123.5
34,133.1
34.003488,-6.921824
34.0333333333333,-118.6667
34.0350472222222,134.999752777778
34.045771,134.984552
34.052659,10.389404
34.0547,-120.35
34.09976,-120.54119
34.13,129.5
34.132318,133.245432
34.1333333333333,-120
34.18,-119.93
34.214879,133.091874
34.216,133.143758
34.216488,139.147821
34.288992,10.323486
34.3,-77.4
34.34222,136.697856
34.342222,134.815651
34.34948,-119.60536
34.3608333333333,33.1488888888889
34.38,128.3
34.3963,-119.6937
34.4,129.6
34.4,137.4
34.43,-76.41
34.45,127.6
34.46,33.29
34.4666666666667,135.216666666667
34.5,-76.254793
34.5,138.8
34.5,138.9
34.50296,135.186743
34.585087,139.232151
34.671828,125.419423
34.7064055555556,119.604444444444
34.715791,-76.72042
34.722,138.575994444444
34.749083,134.706661
34.75,136.783333333333
34.750752,139.382503
34.750935,137.191387
34.7713555555556,138.366025
34.7787987,119.400045
34.8,-70
34.8,128.4
34.8,131.2
34.8,136.7
34.814,128.285453
34.830122,139.075735
34.833999,119.218119
34.85,128.2
34.856045,128.458231
34.870767,139.723738
34.9,119.7
34.9,128.3
34.935802,138.475934
34.9468,128.46
35,123.9
35.0657,128.7202
35.11,-75.42
35.111632,139.653792
35.1391055555556,129.130411111111
35.15105,-120.82881
35.175243,-2.906444
35.1833333333333,13.1666666666667
35.2,139.55
35.201,21.953582
35.2666666666667,123.95
35.279732,139.71197
35.3166666666667,121.333333333333
35.370936,119.571992
35.38,12.43
35.38773,119.577491
35.4,133.7
35.4085722222222,119.587811111111
35.409244,119.580278
35.45,120.25
35.461,122.4
35.47,-75.31
35.5,-74.5
35.5,133.1
35.5105555555556,25.1199972222222
35.54361,134.087662
35.6,139.9
35.600444,135.352528
35.626061,-5.256336
35.65,120.083333333333
35.6712,-121.2893
35.675147,11.114502
35.6807,133.5373
35.71547,122.410722
35.8,-75.4
35.8,140.8
35.8333333333333,120.75
35.8469444444444,120.077475
35.87,120.6
35.87,126.01
35.897186,14.446366
35.9,-5.9
35.9,133.7
35.95,16.53
35.951019,14.361835
35.96,27.61
35.9644444444444,33.6977777777778
35.97,135.12
36,-20
36,121
36,123.9
36.033363,120.436729
36.036107,120.386116
36.038081,120.34419
36.040304,120.318091
36.0435472222222,120.380152777778
36.043635,120.323585
36.04388,120.384056
36.05,120.433333333333
36.051652,12.393669
36.1,140.6
36.11,132.7
36.1333333333333,122.166666666667
36.15,120.633333333333
36.25,120.783333333333
36.25,120.8
36.3063888888889,35.3483333333333
36.3514,126.4917
36.3833333333333,133.783333333333
36.421453,121.784501
36.47,-3.71
36.5,-6.33333333333333
36.508689,-6.309368
36.518,-6.03555555555556
36.530452,-6.289334
36.55,121.733333333333
36.5576944444444,-6.26686111111111
36.6,-4.3
36.6,18.5
36.614,-122.153004
36.64,36.13
36.6513,126.2388
36.657932,136.389593
36.68,-4.39
36.7417,122.758
36.7477777777778,2.66777777777778
36.756,125.995612
36.77,-6.77
36.780653,121.652187
36.784108,10.42604
36.790251,121.7098
36.81341,-122.12877
36.8333333333333,14.0833333333333
36.8333333333333,121.783333333333
36.835,-75.3716666666667
36.86,30.69
36.8822222222222,3.38416666666667
36.8866666666667,3.7225
36.9,-75.5
36.9166666666667,-9.25
36.930153,7.777423
36.9461111111111,7.82555555555556
36.949892,10.389404
36.9666666666667,7.93333333333333
37,-123
37,-31.5
37.0163,-8.2477
37.0276,-7.8183
37.0593,129.439
37.0628,-8.1064
37.073939,15.298018
37.0833333333333,-29
37.0833333333333,-8.68333333333333
37.083387,122.554008
37.1,-8.4
37.1,122.9
37.104,3.0525
37.10449,-8.59826
37.13,119.68
37.16,9.10166666666667
37.1903,129.358248
37.2,-8.99
37.2,138.4
37.2,141
37.206434,137.18488
37.24,123.28
37.2652,10.7308
37.2666666666667,9.91666666666667
37.2833333333333,123.916666666667
37.29,-75.57
37.3166666666667,119.75
37.3333333333333,122.5
37.380427,119.508294
37.416073,9.815259
37.4632,-122.46
37.4831583333333,121.492622222222
37.493671,121.475818
37.5,-74
37.5,121.65
37.5,141.1
37.5082,120.163132
37.509799,122.155264
37.5263333333333,122.204966666667
37.5333333333333,119.116666666667
37.544044,122.171045
37.544577,9.686279
37.55,120.25
37.56,119.4
37.6,119.3
37.6,138.5
37.604728,121.332314
37.6409,-0.6912
37.6909,-0.8237
37.7,124.8
37.731,141.151895
37.75,-122.25
37.763914,-0.780593
37.8,-29.3
37.8,25.4
37.8,122.7
37.8115,-24.1
37.8166666666667,129.2
37.818,-122.544719
37.822835,128.97092
37.85,-26.533325
37.87756,-123.04324
37.8872,128.8351
37.921036,138.983031
37.979,128.8893
38,-29
38.0333333333333,17.5
38.034484,141.046457
38.075,-123.45167
38.1166666666667,-9.01888888888889
38.12,138.8
38.121556,13.377875
38.2,141.18
38.205319,128.601817
38.2304,-123.0144
38.24,-76.31
38.27,23.94
38.3275,12.5785
38.334,-123.096967
38.343053,123.282168
38.3666666666667,9.38333333333333
38.370675,141.075339
38.384647,-123.751836
38.39,141.518794
38.390493,-27.877794
38.46,26.89
38.56595,-9.29509
38.66108,-28.694561
38.68513,141.589825
38.7,-9.36666666666667
38.71,-9.0525
38.75,17.3333333333333
38.79,-0.02
38.8,141.65
38.8453305555556,121.646094444444
38.879072,121.717527
38.939716,121.63307
38.943124,121.680095
38.983333,128.7
39,-10
39,9.25
39,25
39.0086111111111,8.80888888888889
39.01,-76.24
39.045,142.136651
39.1933,3.027
39.200911,9.102282
39.24,-74.2
39.25,2.333333
39.4,142.2
39.4,142.7
39.48122,-123.85387
39.5,-73.8
39.5,-72
39.560668,2.648136
39.595573,142.265935
39.6680555555556,17.725
39.7333333333333,4.635
39.75,120.75
39.8237416666667,124.306805555556
39.902748,124.281152
39.933488,124.307597
40,-124
40,-70
40,139.9
40,145
40.0305,-124.0828
40.148706,18.49032
40.2,26.43
40.25,-73.59
40.25,121.75
40.29908,140.3791
40.347741,26.496889
40.40833,-124.555
40.45,-73
40.5333333333333,8.18333333333333
40.65,17.9166666666667
40.659132,-8.776491
40.7,-8.8
40.718263,17.793467
40.820319,-124.225185
40.8935611111111,140.770611111111
40.914301,12.958515
40.9166666666667,10.0333333333333
40.931241,140.787853
40.968581,140.78236
40.99,28.85
41,-69
41,-9
41.007148,141.106946
41.042894,144.235234
41.066253,-68.564823
41.1,-72.8
41.12,29.07
41.1833333333333,-8.96666666666667
41.1833333333333,-8.7
41.1833333333333,13.4333333333333
41.201,29.119
41.224,-8.72211
41.35,-70.31
41.38,-71.24
41.4,8.56666666666667
41.4,12.84
41.4166666666667,16.1666666666667
41.5,-66.1
41.51,12.71
41.6833333333333,12.6666666666667
41.8258333333333,12.2066666666667
41.96959,145.265709
41.994359,143.378365
42.0361611111111,3.20611944444444
42.05111,-124.3068
42.056454,-68.31162
42.087012,11.786588
42.1333333333333,11.2
42.380348,11.115586
42.383603,-70.771923
42.489643,141.607896
42.5,-8.9
42.6,3.1758
42.6333333333333,143.816666666667
42.6666666666667,144
42.72806,-124.67289
42.74775,137.889463
42.79,146.9
42.79672,10.1922278
42.8,-21.7
42.8385,-124.5666
42.8522,144.0288
42.911,-29.2388
42.9833333333333,10.3666666666667
43,-66.5
43,-27
43.03,16.13
43.05,-70.4
43.11,5.58
43.1175,-124.4349
43.133,5.05194444444444
43.2,140.4
43.2277,-9.218
43.266507,140.805261
43.267,3.818
43.27,3.49
43.293,-9.01888888888889
43.3115,141.1668
43.3727777777778,10.0061111111111
43.43,16.59
43.44,-3.97
43.4416666666667,14.425
43.45,3.783333
43.47,-4.01
43.5,-2.9
43.676,-5.11666666666667
43.687105,-64.991598
43.87,-1.44
43.9759,-124.65957
44,-6
44,-2.6
44,143
44.02,-69.24
44.159328,141.626534
44.2,-2.54
44.2,13.25
44.26,-68.2
44.2886111111111,-68.4180555555556
44.333148,141.465883
44.333333,135.866667
44.400754,141.315284
44.5,143
44.55,13.0694444444444
44.58,-1.44
44.6,143.566666666667
44.6,143.6
44.6166666666667,140.366666666667
44.6166666666667,141.083333333333
44.645,-124.268105
44.68194,143.2674
44.8107,-124.0679
44.834785,141.551989
45,-139
45.05,-67.04
45.13,-66.08
45.2166666666667,12.2833333333333
45.3,-64.29
45.3122222222222,12.6730555555556
45.3513888888889,14.6011111111111
45.36,13.34
45.523053,141.936058
45.57,12.96
45.6,-1.4
45.603,13.563
45.644085,-59.780762
45.69968,-124.50905
45.800263,-1.441997
45.828799,146.894524
45.8355555555556,-124.801666666667
45.90849,-124.46891
46,-5
46.07,-47.37
46.075,-124.51761
46.227506,-124.230677
46.3333333333333,-1.88333333333333
46.47,-64.08
46.6355,143.6351
46.731184,-2.328105
47,-2.5
47.0847222222222,-125.050833333333
47.18,-3.16
47.24,-61.51
47.309,-3.267
47.413,-122.377085
47.583333,-122.5
47.665,-53.1336111111111
47.699,-122.386667
47.713069,-52.696191
47.7511,-124.6
47.753,-122.396214
47.876838,-45.483398
48,-53.463483
48,165
48,177
48.134739,-53.55223
48.17,-4.66
48.173,-53.1175
48.2,-64.75
48.202715,-51.182344
48.316,-123.28435
48.424,-124.6904
48.459,-123.062936
48.4666666666667,-64.2630555555556
48.485,-123.001388888889
48.50554,-125.79765
48.517,-122.953711
48.534,-123.001653
48.55,-122.971097
48.553,-123.000833333333
48.557,-122.547414
48.559,-122.085833333333
48.579197,-2.689803
48.591,-122.151388888889
48.596,-122.956162
48.72,-3.15027777777778
48.8,-51
48.9,-123.1
48.98,-67
49.010155,148.336611
49.12402,-126.67894
49.17593,-123.620235
49.3473,-123.8583
49.5,-17.3
49.5,173.9
49.639,-125.083333333333
49.71,-1.56
50,-138
50,-10
50.0024,-127.3542
50.298778,-4.161889
50.455494,-58.266836
50.74,-0.32
50.7816666666667,1.48444444444444
50.8,0.1
50.8166666666667,-5.01666666666667
50.875,-129.25
51.291558,2.798765
51.3538888888889,2.74583333333333
51.3894444444444,3.16694444444444
51.3972222222222,4.11638888888889
51.4722222222222,1.33333333333333
51.666667,-176.6
51.7,3.11666666666667
51.8,-144.5
51.8334,-29.9833
52.120047,-6.45999
52.2166666666667,-5.33333333333333
52.467578,-177.445597
52.516667,173.866667
52.8966,155.43
52.9666666666667,4.085
53.0194444444444,1.56722222222222
53.067138,-55.667497
53.179008,-130.843189
53.216667,-130.95
54,-150
54.0359444444444,-134.000183333333
54.295662,-164.041092
54.445718,18.575062
54.52,7.88972222222222
54.6,16.5
54.633333,-168.166667
54.76883,-133.78431
54.908829,-59.767629
55,-149
55.07,18.44
55.083,18.747
55.0833333333333,-16
55.088823,-59.169422
55.4,6.46
55.458002,-60.214912
55.667,6.777
56.0846111111111,-173.034758333333
56.13,4.81
56.4252777777778,12.1891666666667
56.4333333333333,-9.56666666666667
56.5,180
56.705,-51.0833333333333
56.833301,-153.096023
56.8881,-135.8982
57,9.5
57.017,-152.806854
57.112,-135.050833333333
57.35284,-135.90911
57.374,-136.36006
57.5,10.35
57.56,-170.45
57.8,-152.516667
58.078,-136
58.1619444444444,9.50888888888889
58.539595,-19.541019
58.573926,-149.248033
58.6739,-160.0814
59,10.6
59.37,2.92
59.5,-149.79
60,-175
60,-47
63.576126,-60.925187
63.91,-12.53
64.5,-12
64.65,-23.0666666666667
65.04,-34.31
65.267,-22.0191666666667
65.57,-21.08
65.67,-27.56
65.74,-27.4
65.94,-16.79
66,-12
66.14,-17.54
66.16,-18.43
66.28,-23.2
66.28,-16.28
66.75,-24.5
66.91,-13.48
67.22,-57.07
67.25,-19.5
69.652584,18.955858
70,-175
70,-52
70.02383,-144.737828
70.038369,-140.648168
70.1,21.7166666666667
70.832914,-149.52512
71.48,-56.58
71.485664,-154.710667
73.04,-16.31
73.283,19.0002777777778
74.04,-22
74.27,-21.11
74.9,-21.01
75.24,-11.45
75.58,-21.44
76.43,-19.19
76.59,-6.25
79.01,10.43
